form,tags
&c.,
10o,
10ᵒ,['canonical']
1o,
1ᵒ,['canonical']
2o,
2ᵒ,['canonical']
3o,
3ᵒ,['canonical']
4o,
4ᵒ,['canonical']
5o,
5ᵒ,['canonical']
6o,
6ᵒ,['canonical']
7o,
7ᵒ,['canonical']
8o,
8ᵒ,['canonical']
9o,
9ᵒ,['canonical']
A.M.,
AM,
DLVV,
HT,
P.M.,
PM,
TLJ,
TTC,
a capella,
a cappella,
a contrario,
a fortiori,
a giorno,
a posteriori,
a priori,
a tempo,
abandonnément,
abiotiquement,
abjectement,
abominablement,
abondamment,
abracadabrantesquement,
abruptement,
abrégément,
abréviativement,
absolument,
abstractivement,
abstraitement,
absurdement,
abusivement,
académiquement,
accelerando,
accessoirement,
accidentellement,
accortement,
acoustiquement,
acquisitivement,
acribiquement,
acrimonieusement,
acrobatiquement,
acrologiquement,
activement,
actuellement,
adagio,
addictivement,
additionnellement,
adens,
adhésivement,
adiabatiquement,
adjectivalement,
adjectivement,
administrativement,
admirablement,
admirativement,
adonc,
adorablement,
adroitement,
adverbialement,
adversativement,
advienne que pourra,
adéquatement,
affablement,
affectionnément,
affectivement,
affectueusement,
affetto,
affettuoso,
affirmativement,
affreusement,
agilement,
agitato,
agrairement,
agressivement,
agrestement,
agricolement,
agriculturalement,
agronomiquement,
agroécologiquement,
agréablement,
ahurissamment,
aigrement,
aigument,
ailleurs,
aimablement,
ainsi,
aisément,
ajd,
ajeuve,
ajourd'hui,
alablement,
alcooliquement,
alentoir,
alentour,
alertement,
algorithmiquement,
algébriquement,
alias,
allegretto,
allegro,
allodialement,
allopathiquement,
allors,
allusivement,
allègrement,
allégoriquement,
allégrement,
allégretto,
allégro,
alogiquement,
alors,
alphabétiquement,
alternativement,
altièrement,
aléatoirement,
alégalement,
amabile,
ambigument,
ambitieusement,
amen,
amha,
amiablement,
amicalement,
amoralement,
amoroso,
amoureusement,
amphibologiquement,
amphigouriquement,
amplement,
ampoulément,
amèrement,
anachroniquement,
anagrammatiquement,
analement,
analogiquement,
analytiquement,
anaphoriquement,
anarchiquement,
anatomiquement,
anciennement,
andante,
andantino,
anecdotiquement,
anexactement,
angulairement,
angéliquement,
animalement,
animeusement,
anisotropiquement,
annuellement,
anodinement,
anonymement,
anormalement,
anthropiquement,
anthropocentriquement,
anthropologiquement,
anticipativement,
anticonstitutionnellement,
antihorairement,
antinomiquement,
antiquement,
antécédemment,
antérieurement,
anxieusement,
apathiquement,
apertement,
apodictiquement,
aporetiquement,
apostoliquement,
apparemment,
approbativement,
approximativement,
aprin,
après,
après coup,
après réflexion,
après tout,
après-demain,
arbitrairement,
arbitralement,
archaïquement,
architectoniquement,
architecturalement,
archéologiquement,
ardemment,
ardennaisement,
ardûment,
argotiquement,
argutieusement,
arioso,
aristocratiquement,
arithmétiquement,
arrière,
arrogamment,
articulairement,
articulément,
artificiellement,
artificieusement,
artisanalement,
artistement,
artistiquement,
ascétiquement,
aseptiquement,
asexuellement,
askip,
assai,
assertivement,
assez,
assidument,
assidûment,
assurément,
asteur,
asteure,
astheure,
astrologiquement,
astronomiquement,
astucieusement,
asymptotiquement,
asymétriquement,
asynchroniquement,
ataviquement,
athlétiquement,
atomiquement,
atrocement,
attentivement,
attiquement,
atypiquement,
au bas mot,
au beau milieu de,
au berceau,
au besoin,
au bout du compte,
au cas où,
au cas par cas,
au chant du coq,
au choix,
au coin,
au compte-goutte,
au compte-gouttes,
au contraire,
au demeurant,
au diable-vauvert,
au doigt et à l'œil,
au débotté,
au début,
au départ,
au fait,
au feeling,
au final,
au fond,
au four,
au fur et à mesure,
au galop,
au grand galop,
au grand jamais,
au grand jour,
au hasard,
au jour d'aujourd'hui,
au jour le jour,
au jugé,
au juste,
au large,
au lit,
au maximum,
au mieux,
au milieu de,
au milieu de nulle part,
au minimum,
au moins,
au naturel,
au pas,
au pas de charge,
au pas de course,
au pas de gymnastique,
au petit bonheur,
au petit bonheur la chance,
au pied de la lettre,
au pied levé,
au pif,
au pire,
au plus,
au plus haut point,
au plus tard,
au plus tôt,
au plus vite,
au poil,
au possible,
au premier abord,
au premier chef,
au prix fort,
au propre,
au préalable,
au péril de sa vie,
au quart de tour,
au quotidien,
au ralenti,
au reste,
au surplus,
au total,
au violon,
au vol,
au-dedans,
au-dehors,
au-dessus,
au-devant,
au-deçà,
aucunement,
audacieusement,
augustement,
auj.,
aujd,
aujourd'hui,
auparavant,
auprès,
auquel cas,
aussi,
aussi sec,
aussitost,
aussitte,
aussitôt,
austèrement,
autant,
autant que faire se peut,
autant que possible,
authentiquement,
autobiographiquement,
autocratiquement,
automagiquement,
automatiquement,
autonomement,
autoptiquement,
autoritairement,
autour,
autre part,
autrefois,
autrement,
aux abonnés absents,
aux aurores,
aux petits oignons,
auxiliairement,
av. J.-C.,
avant,
avant Jésus-Christ,
avant l'heure,
avant longtemps,
avant peu,
avant tout,
avant toutes choses,
avant-avant-hier,
avant-hier,
avantageusement,
avarement,
avaricieusement,
avec,
avec armes et bagages,
avec brio,
avec des bouts de ficelle,
avec des pieds de plomb,
avec la lettre,
avec la meilleure volonté du monde,
avec le temps,
avec les moyens du bord,
avec tout le respect que je vous dois,
avec toute la bonne volonté du monde,
avenamment,
aventureusement,
aveuglément,
avidement,
axiomatiquement,
ayoù,
aériennement,
aérobiquement,
aérodynamiquement,
back,
bactériologiquement,
bactériostatiquement,
bactériémiquement,
badinement,
balistiquement,
banalement,
barbarement,
bas,
basiquement,
bassement,
bcp,
beau,
beaucoup,
bec et ongles,
bel et bien,
belle lurette,
bellement,
belliqueusement,
bene,
benoitement,
benoîtement,
beseff,
besogneusement,
bestialement,
bezef,
biannuellement,
bibliquement,
bien,
bien entendu,
bien sûr,
bienheureusement,
biennalement,
bienséamment,
bientôt,
bienveillamment,
bigrement,
bihebdomadairement,
bilatéralement,
bille en tête,
bimensuellement,
bimestriellement,
bin,
binairement,
biochimiquement,
biodynamiquement,
biographiquement,
biogéographiquement,
biologiquement,
biotiquement,
bis,
bisannuellement,
bistronomiquement,
bite à cul,
bizarrement,
blague à part,
blanchement,
bon an,['canonical']
bon an mal an,
"bon an, mal an",
bon gré mal gré,
bonassement,
bonbon,
bonnement,
botaniquement,
bouche bée,
bouffonnement,
bougrement,
boulimiquement,
bourgeoisement,
bout à bout,
bovinement,
bras dessous,['canonical']
bras dessus,['canonical']
"bras dessus, bras dessous",
bravement,
bref,
brillamment,
brioso,
britanniquement,
brièvement,
brumeusement,
brusquement,
brutalement,
bruyamment,
bucoliquement,
budgétairement,
bureaucratiquement,
burlesquement,
bâtardement,
béatement,
bénignement,
bénéficiairement,
bénévolement,
béotiennement,
bésef,
bézef,
bêtassement,
bêtement,
c'est pas pour dire,['canonical']
c'est ça,
c.-à-d.,
cabalistiquement,
cachément,
cacophoniquement,
cadastralement,
cagotement,
cahin-caha,
calamiteusement,
calligraphiquement,
calmement,
calmos,
calomnieusement,
cancérigènement,
candidement,
canonialement,
canoniquement,
capablement,
capitalement,
capitalistiquement,
capitulairement,
capricieusement,
captieusement,
caricaturalement,
carrément,
cartographiquement,
cash,
casuellement,
catalytiquement,
catastrophiquement,
cathodiquement,
catholiquement,
catoptriquement,
catégoriellement,
catégoriquement,
cauchemardement,
caudalement,
causalement,
causativement,
caustiquement,
cauteleusement,
cavalièrement,
cdlt,
cdt,
ce faisant,
ce me semble,
ce n'est pas pour dire,['canonical']
ce nonobstant,
ce pourquoi,
ceci dit,
ceci étant,
ceci étant dit,
cejourd'hui,
cela dit,
cela s'entend,
cela étant,
cela étant dit,
cellulairement,
cellulosiquement,
censuellement,
censé tel,
censée telle,"['feminine', 'singular']"
censées telles,"['feminine', 'plural']"
censément,
censés tels,"['masculine', 'plural']"
cent pour cent,
cent sept ans,
centièmement,
cependant,
certainement,
certes,
ces jours-ci,
cesoird'hui,
chafouinement,
chagrinement,
chaleureusement,
chaotiquement,
charitablement,
charivariquement,
charnellement,
chastement,
chattement,
chaud,
chaudement,
chemin faisant,
chenument,
cher,
chevaleresquement,
chichement,
chimiquement,
chimériquement,
chiquement,
chiralement,
chirurgicalement,
choralement,
chorologiquement,
chorégraphiquement,
chouettement,
chouia,
chouillat,
chouïa,
chromatiquement,
chroniquement,
chronologiquement,
chronophagement,
chrétiennement,
chèrement,
chétivement,
ci,
ci-après,
ci-dessous,
ci-dessus,
ci-joint,
cidessus,
cinq sur cinq,
cinquièmement,
cinématiquement,
cinématographiquement,
cinétiquement,
circonspectement,
circulairement,
citoyennement,
civilement,
civiquement,
clair,
clairement,
clandestinement,
classiquement,
claviculairement,
climatiquement,
climatologiquement,
cliniquement,
cliquablement,
clitoridiennement,
clopin-clopant,
clubement,
clé en main,
cléricalement,
cocassement,
cochonnément,
cofaire,
cognitivement,
cohéremment,
coiment,
collaborativement,
collatéralement,
collectivement,
colloïdalement,
collusoirement,
collégialement,
colorectalement,
colossalement,
colériquement,
combativement,
combien,
comble de malheur,
comiquement,
commac,
comme c'est pas permis,
comme ci,['canonical']
comme ci comme ça,
"comme ci, comme ça",
comme d'hab,
comme d'habitude,
comme des harengs en caque,
comme des petits pains,
comme des sardines,
comme deux gouttes d'eau,
comme dirait l'autre,
comme harengs en caque,
comme il faut,
comme il se doit,
comme jamais,
comme marée en carême,
comme par hasard,
comme par magie,
comme pas deux,
comme pas permis,
comme pas possible,
comme pas un,
comme personne,
comme prévu,
comme qui dirait,
comme si c'était hier,
comme si de rien,
comme si de rien n'était,
comme si sa vie en dépendait,
comme suit,
comme sur des roulettes,
comme tout,
comme un cheveu sur la soupe,
comme un chien dans un jeu de quilles,
comme un coq en pâte,
comme un dératé,
comme un manche,
comme un pet sur une toile cirée,
comme un pied,
comme un rat mort,
comme un seul homme,
comme un voleur,
comme un éléphant dans un magasin de porcelaine,
comme une traînée de poudre,
comme ça,['canonical']
comment,
commercialement,
comminatoirement,
commodément,
communicativement,
communément,
comparablement,
comparativement,
compatiblement,
compendieusement,
compensativement,
compensatoirement,
complaisamment,
complètement,
complémentairement,
complétement,
comptabiliairement,
comptablement,
comptant,
compulsivement,
computationnellement,
concentriquement,
conceptuellement,
conciliairement,
concisément,
concomitamment,
concordamment,
concrètement,
concurremment,
condignement,
conditionnellement,
conditionnement,
confessionnellement,
confidemment,
confidentiellement,
conformément,
confortablement,
confraternellement,
confusément,
congrument,
congrûment,
congénitalement,
coniquement,
conjecturalement,
conjointement,
conjonctionnellement,
conjonctivement,
conjoncturellement,
conjugalement,
connement,
conquéramment,
consciemment,
consciencieusement,
consensuellement,
conservatoirement,
considérablement,
considérément,
consistorialement,
constamment,
constitutionnellement,
constructivement,
consubstantiellement,
consulairement,
consécutivement,
conséquemment,
contagieusement,
contemplativement,
contentieusement,
contestablement,
contingemment,
continuellement,
continument,
continûment,
contractuellement,
contradictoirement,
contrairement,
contre toute attente,
contre vents et marées,
contributoirement,
contumélieusement,
convenablement,
conventionnellement,
conventuellement,
convertiblement,
convoiteusement,
convulsivement,
coopérativement,
copieusement,
copulativement,
coquettement,
coquinement,
cordialement,
corollairement,
corporativement,
corporellement,
corps et biens,
corps et âme,
correctement,
correctionnellement,
correctivement,
corrélativement,
cosmiquement,
cosmogoniquement,
cosmologiquement,
cotonneusement,
couardement,
couci-couci,
couci-couça,
coude à coude,
coulamment,
coup sur coup,
coupablement,
courageusement,
couramment,
courtement,
courtoisement,
couteusement,
coutumièrement,
coïncidemment,
coïncidentiellement,
coûte que coûte,
coûteusement,
craintivement,
crapaudine,
crapuleusement,
criardement,
criminellement,
crissement,
cristallographiquement,
critiquement,
croustilleusement,
croyablement,
croyez-le ou non,
crucialement,
cruellement,
crument,
cryptographiquement,
crânement,
crânialement,
créativement,
crédiblement,
crédulement,
crûment,
cubiquement,
cuisamment,
cul sec,
culinairement,
culturalement,
culturellement,
cumulativement,
cupidement,
curieusement,
cursivement,
cybernétiquement,
cycliquement,
cylindriquement,
cyniquement,
câlinement,
céans,
célestement,
cérémonieusement,
côte à côte,
d'abord,
d'abord et avant tout,
d'accord,
d'affilée,
d'ailleurs,
d'arrache-pied,
d'autant plus,
d'autre,
d'autre part,
d'aventure,
d'emblée,
d'entrée de jeu,
d'expérience,
d'habitude,
d'heure en heure,
d'ici peu,
d'jà,
d'main,
d'office,
d'ordinaire,
d'ores et déjà,
d'où,
d'un autre côté,
d'un commun accord,
d'un coup,
d'un instant à l'autre,
d'un iota,
d'un moment à l'autre,
d'un poil,
d'un seul coup,
d'une main de maître,
d'une seule traite,
d'une traite,
d'égal à égal,
damnablement,
dangereusement,
dans ce cas,
dans l'absolu,
dans l'ensemble,
dans l'immédiat,
dans la joie et la bonne humeur,
dans la lancée,
dans la mesure du possible,
dans la même veine,
dans le cas contraire,
dans le coin,
dans le feu de l'action,
dans le meilleur des cas,
dans le mille,
dans le même temps,
dans le passé,
dans le pire des cas,
dans le temps,
dans les clous,
dans les faits,
dans les grandes largeurs,
dans les grandes lignes,
dans les parages,
dans les plus brefs délais,
dans les règles,
dans sa barbe,
dans son ensemble,
dans toute sa splendeur,
dans un cas comme dans l'autre,
dans un premier temps,
dans un second temps,
dans un sens,
dans une certaine mesure,
dans une large mesure,
dans une moindre mesure,
dare-dare,
daredare,
davantage,
de A à Z,
de bas en haut,
de base,
de bon cœur,
de bon gré,
de bon matin,
de bonne foi,
de bonne grâce,
de bonne heure,
de bout en bout,
de but en blanc,
de ce fait,
de ce pas,
de cette façon,
de commun,
de concert,
de conserve,
de coutume,
de deux,
de facto,
de fait,
de fil en aiguille,
de fond en comble,
de force,
de gaieté de cœur,
de grand matin,
de gré ou de force,
de gré à gré,
de guerre lasse,
de haut en bas,
de haute lutte,
de jour,
de jour en jour,
de justesse,
de la sorte,
de la tête aux pieds,
de long en large,
de longtemps,
de longue main,
de main de maitre,
de main de maître,
de manière générale,
de mauvaise grâce,
de mieux en mieux,
de moins en moins,
de mémoire,
de mémoire d'homme,
de même,
de naissance,
de nos jours,
de nouveau,
de nuit,
de par le monde,
de part en part,
de pied en cap,
de pied ferme,
de pire en pire,
de plain-pied,
de plein fouet,
de plus belle,
de plus en plus,
de prime abord,
de proche en proche,
de près,
de près ou de loin,
de préférence,
de rang,
de son propre chef,
de source sûre,
de suite,
de surcroît,
de temps en temps,
de temps à autre,
de tous côtés,
de tout cœur,
de tout son long,
de tout temps,
de toute façon,
de toute manière,
de toute part,
de toute éternité,
de toute évidence,
de toutes parts,
de toutes pièces,
de toutes ses forces,
de travers,
de un,
de visu,
de vive voix,
debout,
dedans,
dehors,
deleuzement,
delà,
demain,
dendrochronologiquement,
densement,
densément,
dentairement,
depuis,
depuis le temps,
depuis lors,
depuis peu,
depuis toujours,
derechef,
dernièrement,
derrière,
des masses,
des pieds à la tête,
despotiquement,
dessous,
dessus,
deusio,
deuxio,
deuxièmement,
deuzio,
dextrement,
deçà,
diable vauvert,
diablement,
diaboliquement,
diacritiquement,
diagonalement,
dialectiquement,
dialogiquement,
diamagnétiquement,
diamétralement,
diantrement,
diaphanement,
diatoniquement,
dichotomiquement,
dictatorialement,
didactiquement,
difficilement,
difficultueusement,
diffusément,
différemment,
différentiellement,
dignement,
digressivement,
dilatoirement,
diligemment,
dimensionnellement,
diminutivement,
diplomatiquement,
direct,
directement,
directos,
disciplinairement,
discographiquement,
disconvenablement,
discordamment,
discourtoisement,
discrètement,
discrétionnairement,
discrétos,
discursivement,
discutablement,
disertement,
disgracieusement,
dispendieusement,
disproportionnellement,
disproportionnément,
dissemblablement,
dissolument,
distinctement,
distinctivement,
distiquement,
distraitement,
distributivement,
dito,
diversement,
divinement,
divisiblement,
divisément,
dix-huitièmement,
dix-neuvièmement,
dix-septièmement,
dixièmement,
diélectriquement,
diététiquement,
docilement,
docimastiquement,
doctement,
doctoralement,
doctrinairement,
doctrinalement,
dogmatiquement,
dolcissimo,
dolemment,
domestiquement,
dommageablement,
donc,
dorénavant,
dos à dos,
doublement,
doucement,
doucereusement,
doucettement,
douchours,
douillettement,
doujours,
douloureusement,
douteusement,
doux,
douzièmement,
dramatiquement,
drastiquement,
drette,
droit,
droit au but,
droitement,
drolatiquement,
dru,
drôlement,
du bon pied,
du feu de Dieu,
du fond du cœur,
du jour au lendemain,
du moins,
du premier coup,
du reste,
du tac au tac,
du tonnerre,
du tout,
du tout au tout,
dubitativement,
dument,
dur,
dur comme fer,
durablement,
durement,
dynamiquement,
dynamométriquement,
dynastiquement,
dès lors,
dès que possible,
dès à présent,
débilement,
débonnairement,
décemment,
déceptivement,
décidément,
décisivement,
déclamatoirement,
décorativement,
dédaigneusement,
défavorablement,
défectiblement,
défectivement,
défectueusement,
défensivement,
définitivement,
dégoutamment,
dégoûtamment,
dégueulassement,
déjà,
délectablement,
délibérativement,
délibérément,
délicatement,
délicieusement,
déloyalement,
délétèrement,
démagogiquement,
démesurément,
démiurgiquement,
démocratiquement,
démographiquement,
démoniaquement,
démonstrativement,
démontrablement,
démotiquement,
déontologiquement,
départementalement,
dépendamment,
déplaisamment,
déplorablement,
déraisonnablement,
dérisoirement,
déréglément,
désagréablement,
désastreusement,
désavantageusement,
désespéramment,
désespérément,
désharmonieusement,
déshonnêtement,
déshonorablement,
désobligeamment,
désordonnément,
désormais,
déterministiquement,
déterminément,
détestablement,
dévotement,
dévotieusement,
dûment,
dᵒ,
ecclésiastiquement,
effectivement,
efficacement,
effrontément,
effroyablement,
effrénément,
efféminément,
eidétiquement,
elliptiquement,
embas,
emblématiquement,
emmi,
emphatiquement,
empiriquement,
en abondance,
en ami,
en amont,
en apparence,
en attendant,
en aucun cas,
en aucune façon,
en aucune manière,
en aval,
en avant,
en banc,
en bas,
en beauté,
en berne,
en bon père de famille,
en bonne part,
en bonnes mains,
en bref,
en cachette,
en catastrophe,
en catimini,
en ce cas,
en ce moment,
en ce temps-là,
en chair et en os,
en chien de fusil,
en chœur,
en clair,
en commun,
en connaissance de cause,
en conséquence,
en contrepartie,
en coup de vent,
en cours de route,
en crabe,
en d'autres termes,
en dernière analyse,
en deuspi,
en deux coups de cuiller à pot,
en deux coups de cuillère à pot,
en deux temps trois mouvements,
en diable,
en direct,
en douce,
en douceur,
en dur,
en désespoir de cause,
en détail,
en effet,
en fait,
en feu,
en fin de compte,
en force,
en gang,
en garde,
en grande partie,
en grande pompe,
en gros,
en général,
en haut,
en l'espèce,
en l'occurrence,
en l'état,
en lieu sûr,
en long et en large,
en main propre,
en mains propres,
en masse,
en mauvaise part,
en moins de deux,
en moins de rien,
en moins de temps qu'il ne faut pour le dire,
en moyenne,
en même temps,
en nage,
en nombre,
en ordre de bataille,
en outre,
en parallèle,
en particulier,
en partie,
en passant,
en permanence,
en personne,
en perspective,
en plein air,
en plein essor,
en plus,
en pratique,
en premier lieu,
en prime,
en primeur,
en principe,
en privé,
en profil,
en profondeur,
en proie à,
en public,
en pure perte,
en quatrième vitesse,
en quel honneur,
en quelque sorte,
en rang,
en retour,
en retrait,
en revanche,
en rien,
en règle générale,
en réalité,
en résumé,
en secret,
en silence,
en soi,
en somme,
en son âme et conscience,
en sus,
en suspens,
en série,
en tailleur,
en tant que tel,
en tant que telle,"['feminine', 'singular']"
en tant que telles,"['feminine', 'plural']"
en tant que tels,"['masculine', 'plural']"
en tapinois,
en temps et en heure,
en temps et lieu,
en temps normal,
en temps utile,
en temps voulu,
en théorie,
en tort,
en tout,
en tout bien tout honneur,
en tout cas,
en tout et pour tout,
en tout point,
en tout état de cause,
en toute franchise,
en toute honnêteté,
en train de,
en travers,
en trombe,
en trop,
en un clin d'œil,
en un mot,
en un mot comme en cent,
en un rien de temps,
en un tournemain,
en vain,
en vase clos,
en veux-tu en voilà,
en vitesse,
en vrai,
en vérité,
en échange,
enclitiquement,
encor,
encore,
encore et encore,
encore et toujours,
encore moins,
encore une fois,
encyclopédiquement,
encéphalographiquement,
enfantinement,
enfin,
enharmoniquement,
ennuyeusement,
ensemble,
ensemblement,
ensuit,
ensuite,
enthousiastement,
entièrement,
entre autres,
entre chien et loup,
entre de bonnes mains,
entre guillemets,
entre l'arbre et l'écorce,
entre la poire et le fromage,
entre le marteau et l'enclume,
entre quat'z'yeux,
entre quatre yeux,
entre quatre-z-yeux,
entre-temps,
entretemps,
entropiquement,
envers et contre tous,
envers et contre tout,
envieusement,
environ,
environnementalement,
enzootiquement,
enzymatiquement,
ergonomiquement,
erronément,
espièglement,
espressivo,
espécialement,
essentiellement,
esthétiquement,
et ainsi de suite,
et cætera,
et cétéra,
et encore,
et encore moins,
et patin-couffin,
et pour cause,
etc.,
ethniquement,
ethnologiquement,
ethnomusicologiquement,
euphoniquement,
euphémiquement,
eusocialement,
ex aequo,
ex æquo,
ex-aequo,
ex-æquo,
exactement,
exagérément,
excellement,
excellemment,
excellentissimement,
excentriquement,
exceptionnellement,
excessivement,
exclamativement,
exclusivement,
excusablement,
exemplairement,
exhaustivement,
existentiellement,
exorbitamment,
exotiquement,
expertement,
explicitement,
explorativement,
explosivement,
explétivement,
exponentiellement,
expressivement,
expressément,
exprès,
expéditivement,
expérimentalement,
exquisement,
exquisément,
extatiquement,
extemporanément,
extensivement,
extrajudiciairement,
extraordinairement,
extravagamment,
extrinsèquement,
extrêmement,
extérieurement,
exubéramment,
exécrablement,
exécutoirement,
fabuleusement,
facilement,
facticement,
factieusement,
factuellement,
facultativement,
facétieusement,
fadement,
faiblement,
failliblement,
fallacieusement,
falotement,
fameusement,
familialement,
familièrement,
fanatiquement,
fantasmagoriquement,
fantasmatiquement,
fantasquement,
fantastiquement,
fantochement,
farouchement,
fascistement,
fastidieusement,
fastueusement,
fatalement,
fatidiquement,
faunistiquement,
faussement,
faute de mieux,
fautivement,
fauvement,
faux,
favorablement,
fdpin,
fdpout,
fermement,
fertilement,
fervemment,
festivement,
fichtre,
fichtrement,
fictionnellement,
fictivement,
fiduciairement,
fidèlement,
fielleusement,
fifty-fifty,
figurativement,
figurément,
filialement,
finalement,
financièrement,
finement,
finiment,
fiscalement,
fissa,
fixement,
fièrement,
fiévreusement,
flagramment,
flamboyamment,
flasquement,
flatteusement,
flegmatiquement,
flexiblement,
flexueusement,
floristiquement,
fluidement,
fluorescentement,
follement,
folâtrement,
foncièrement,
fonctionnellement,
fondamentalement,
forcément,
forestièrement,
forfaitairement,
formellement,
formidablement,
fort,
fortement,
fortissimo,
fortuitement,
fougueusement,
foutrement,
foutu pour foutu,
foutument,
fragilement,
fragmentairement,
fraichement,
franchement,
franchouillardement,
françaisement,
fraternellement,
frauduleusement,
fraîchement,
freudiennement,
friandement,
frileusement,
frivolement,
froidement,
frontalement,
fructueusement,
frugalement,
frustement,
frustratoirement,
frénétiquement,
fréquemment,
fugacement,
fugitivement,
full,
fumeusement,
funestement,
funèbrement,
furieusement,
furtivement,
futilement,
fâcheusement,
fébrilement,
fécondement,
féeriquement,
fémininement,
féodalement,
férocement,
féériquement,
gaiement,
gaillardement,
gaiment,
galamment,
galvaniquement,
gaminement,
gargantuesquement,
gauchement,
gauloisement,
gaîment,
gentiment,
gigantesquement,
glacialement,
glauquement,
globalement,
glorieusement,
gloutonnement,
gothiquement,
goujatement,
goulument,
goulûment,
gourdement,
gourmandement,
goutte,
goyesquement,
gracieusement,
gracilement,
graduellement,
grammaticalement,
grand max,
grand maximum,
grandement,
grandiosement,
granitiquement,
graphiquement,
graphologiquement,
grassement,
gratieusement,
gratis,
gratos,
gratuitement,
grave,
gravement,
gravimétriquement,
gravitationnellement,
grimaçamment,
grisement,
grisâtrement,
grièvement,
grossement,
grossièrement,
grosso modo,
grosso-modo,
grotesquement,
guillerettement,
guitaristiquement,
gustativement,
gutturalement,
guère,
gyroscopiquement,
gématriquement,
génialement,
génitalement,
généalogiquement,
généralement,
généreusement,
génériquement,
génésiquement,
génétiquement,
géocentriquement,
géodésiquement,
géographiquement,
géolinguistiquement,
géologiquement,
géométralement,
géométriquement,
géotechniquement,
habilement,
habituellement,
hagardement,
haineusement,
halieutiquement,
hardiment,
hargneusement,
harmonieusement,
harmoniquement,
hasardeusement,
haut,
haut et fort,
haut la main,
hautainement,
hautement,
hebdomadairement,
hermaphroditement,
herméneutiquement,
hermétiquement,
heureusement,
heuristiquement,
hideusement,
hier,
hippiquement,
histologiquement,
historiquement,
hiérarchiquement,
hiératiquement,
hommassement,
homocentriquement,
homogènement,
homologiquement,
homomorphiquement,
homonymement,
homosexuellement,
homothétiquement,
homotypiquement,
homéopathiquement,
homériquement,
homœopathiquement,
honnêtement,
honorablement,
honorifiquement,
honteusement,
horairement,
horisontalement,
horizontalement,
horriblement,
hors de contrôle,
hors des clous,
hors des sentiers battus,
hospitalièrement,
hostilement,
houleusement,
hui,
huitièmement,
humainement,
humblement,
humidement,
humiliamment,
humoristiquement,
hydrauliquement,
hydrographiquement,
hygiéniquement,
hygrométriquement,
hyper,
hyperboliquement,
hypnotiquement,
hypocritement,
hypodermiquement,
hypostatiquement,
hypothécairement,
hypothétiquement,
hystériquement,
hâtivement,
hébraïquement,
hédonistiquement,
héliaquement,
héliocentriquement,
héroïquement,
héréditairement,
hétérodoxement,
iatrogéniquement,
ichnographiquement,
ici,
ici-bas,
icitte,
idem,
identiquement,
idiographiquement,
idiomatiquement,
idiotement,
idolâtrement,
idéalement,
idéographiquement,
idéologiquement,
ignoblement,
ignominieusement,
ignoramment,
illibéralement,
illicitement,
illico,
illico presto,
illisiblement,
illogiquement,
illusoirement,
illustrement,
illégalement,
illégitimement,
imaginairement,
imbécilement,
immanquablement,
immatériellement,
immensément,
imminemment,
immiséricordieusement,
immobilement,
immobilièrement,
immodestement,
immodérément,
immondement,
immoralement,
immortellement,
immuablement,
immédiatement,
immémorablement,
immémorialement,
imméthodiquement,
impairement,
imparablement,
impareillement,
imparfaitement,
impartialement,
impassiblement,
impatiemment,
impavidement,
impec,
impeccablement,
impensablement,
imperceptiblement,
imperfectiblement,
imperméablement,
impersonnellement,
impertinemment,
imperturbablement,
impieusement,
impitoyablement,
implacablement,
implicitement,
impoliment,
impolitiquement,
importamment,
importunément,
impossiblement,
improbablement,
improductivement,
improportionnellement,
improprement,
imprudemment,
imprécisément,
impréméditément,
imprévisiblement,
imprévument,
impudemment,
impudiquement,
impuissamment,
impulsivement,
impunément,
impurement,
impécunieusement,
impénétrablement,
impérativement,
impérialement,
impérieusement,
impérissablement,
impétueusement,
in fine,
inacceptablement,
inactivement,
inadmissiblement,
inadvertamment,
inaliénablement,
inaltérablement,
inamicalement,
inappropriément,
inappréciablement,
inauthentiquement,
incalculablement,
incertainement,
incessamment,
incessamment sous peu,
incestueusement,
inchrétiennement,
incidemment,
incisivement,
incivilement,
inciviquement,
inclusivement,
incoerciblement,
incognito,
incommensurablement,
incommodément,
incommunicado,
incommutablement,
incomparablement,
incomparativement,
incompatiblement,
incomplètement,
incompréhensiblement,
incompétemment,
inconcevablement,
inconciliablement,
inconditionnellement,
inconfortablement,
incongrument,
incongrûment,
inconsciemment,
inconsidérément,
inconsolablement,
inconstamment,
inconstitutionnellement,
inconséquemment,
incontestablement,
incontinemment,
incontinent,
inconvenablement,
incorrectement,
incorrigiblement,
incorruptiblement,
incroyablement,
incrédulement,
incrémentalement,
incurablement,
incurieusement,
indescriptiblement,
indestructiblement,
indiciblement,
indifféremment,
indignement,
indiligemment,
indirectement,
indiscontinûment,
indiscrètement,
indiscutablement,
indisertement,
indispensablement,
indisputablement,
indissociablement,
indissolublement,
indistinctement,
individuellement,
indivisiblement,
indivisément,
indocilement,
indoctement,
indolemment,
indomptablement,
indubitablement,
indulgemment,
indument,
industriellement,
industrieusement,
indécemment,
indéchiffrablement,
indécisivement,
indécrottablement,
indéfectiblement,
indéfiniment,
indélibérément,
indélicatement,
indélogeablement,
indélébilement,
indémontrablement,
indéniablement,
indépassablement,
indépendamment,
indéterminément,
indévotement,
indûment,
ineffablement,
ineffaçablement,
inefficacement,
ineptement,
inespérément,
inexactement,
inexcusablement,
inexorablement,
inexplicablement,
inexprimablement,
inextricablement,
inexécutablement,
infailliblement,
infatigablement,
infernalement,
infertilement,
infidèlement,
infiniment,
infinitésimalement,
inflexiblement,
informatiquement,
informellement,
infra,
infructueusement,
infréquemment,
infâmement,
inférieurement,
inglorieusement,
ingracieusement,
ingratement,
ingénieusement,
ingénument,
inhabilement,
inhabituellement,
inharmonieusement,
inhospitalièrement,
inhumainement,
inhéremment,
inimaginablement,
inimitablement,
inintelligemment,
inintelligiblement,
inintentionnellement,
iniquement,
initialement,
injurieusement,
injustement,
inlassablement,
innocemment,
innombrablement,
inoffensivement,
inofficiellement,
inopinément,
inopportunément,
inostensiblement,
inoubliablement,
inquisitivement,
inquiètement,
insaisissablement,
insalubrement,
insatiablement,
insciemment,
inscrutablement,
insensiblement,
insensément,
insidieusement,
insincèrement,
insipidement,
insociablement,
insolemment,
insolidement,
insolitement,
insolublement,
insondablement,
insouciamment,
insoucieusement,
insoutenablement,
instablement,
instamment,
instantanément,
instinctivement,
instinctuellement,
institutionnellement,
instrumentalement,
insuffisamment,
insulairement,
insupportablement,
insurmontablement,
insurrectionnellement,
inséparablement,
intarissablement,
intellectuellement,
intelligemment,
intelligiblement,
intempestivement,
intempéramment,
intempérément,
intensivement,
intensément,
intentionnellement,
interactivement,
interchangeablement,
interjectivement,
interlocutoirement,
interminablement,
intermittemment,
intermédiairement,
internationalement,
interprétativement,
interrogativement,
intimement,
intolérablement,
intoléramment,
intransitivement,
intrinsèquement,
intrépidement,
intuitivement,
intègrement,
intégralement,
intérieurement,
intérimairement,
inutilement,
invalablement,
invalidement,
invariablement,
inventivement,
inversement,
inversément,
invinciblement,
inviolablement,
invisiblement,
involontairement,
invraisemblablement,
invulnérablement,
inébranlablement,
inégalablement,
inégalement,
inéluctablement,
inélégamment,
inénarrablement,
inépuisablement,
inéquitablement,
inévitablement,
ironiquement,
irraisonnablement,
irrationnellement,
irrespectueusement,
irresponsablement,
irréconciliablement,
irrécusablement,
irréductiblement,
irréellement,
irréfragablement,
irréfutablement,
irrégulièrement,
irréligieusement,
irrémissiblement,
irrémédiablement,
irréparablement,
irrépressiblement,
irréprochablement,
irrépréhensiblement,
irrésistiblement,
irrésolument,
irréversiblement,
irrévocablement,
irrévéremment,
irrévérencieusement,
islamiquement,
isochroniquement,
isolément,
isométriquement,
isothermiquement,
isotopiquement,
item,
itou,
itérativement,
içi,
jadis,
jalousement,
jamais,
jamais au grand jamais,
jaunement,
jeunement,
jointivement,
joliment,
jour après jour,
jour et nuit,
jour pour jour,
journalistiquement,
journellement,
jovialement,
joyeusement,
judaïquement,
judiciairement,
judicieusement,
juridiquement,
jusqu',
jusqu'alors,
jusqu'au bout,
jusqu'au sang,
jusqu'aujourd'hui,
jusqu'ici,
jusqu'où,
jusqu'à nouvel ordre,
jusqu'à pas d'heure,
jusqu'à plus ample informé,
jusqu'à plus soif,
jusqu'à preuve du contraire,
jusqu'à présent,
jusque là,
jusque-là,
juste,
justement,
justifiablement,
juvénilement,
jà,
jésuitiquement,
kabbalistiquement,
kan,
kilométriquement,
kinesthésiquement,
l'air de rien,
l'air de-ne-pas-y-toucher,
l'arme au pied,
l'autre jour,
l'espace d'un instant,
l'un après l'autre,
l'un dans l'autre,
l'une après l'autre,"['feminine', 'singular']"
la fleur au fusil,
la gueule enfarinée,
la main sur le cœur,
la mort dans l'âme,
la queue entre les jambes,
la tête la première,
laborieusement,
laconiquement,
ladé,
laidement,
lamentablement,
lancinamment,
langoureusement,
languidement,
languissamment,
lapidairement,
largement,
larghetto,
largo,
lascivement,
latemment,
latinement,
latitudinalement,
latéralement,
laïquement,
le cas échéant,
le diable aux trousses,
le mieux,['superlative']
le moins,['superlative']
le ventre vide,
lentement,
lentement mais sûrement,
lento,
leptoniquement,
lerche,
les doigts dans le nez,
les mains dans les poches,
les mains vides,
les quatre fers en l'air,
les trois quarts du temps,
les unes après les autres,"['feminine', 'plural']"
les uns après les autres,"['masculine', 'plural']"
les yeux fermés,
lestement,
lexicalement,
lexicographiquement,
lexicologiquement,
libertinement,
librement,
libéralement,
licencieusement,
lichénologiquement,
licitement,
limitativement,
linguistiquement,
linéairement,
linéalement,
liquidement,
lisiblement,
lithologiquement,
littérairement,
littéralement,
liturgiquement,
localement,
logarithmiquement,
logiciellement,
logiquement,
logistiquement,
loin,
loin de là,
loin s'en faut,
lointainement,
loisiblement,
lolement,
long-temps,
longitudinalement,
longtemps,
longuement,
lors,
louablement,
louisphilippement,
lourdement,
loyalement,
lubriquement,
lucidement,
lucrativement,
lugubrement,
luisamment,
lumineusement,
luxueusement,
luxurieusement,
lyriquement,
là,
là-bas,
là-dedans,
là-dessus,
là-haut,
lâchement,
légalement,
légalistement,
légato,
légendairement,
législativement,
légitimement,
légèrement,
léthargiquement,
m'est avis,
macabrement,
macache,
machiavéliquement,
machinalement,
macroscopiquement,
maestoso,
magiquement,
magistralement,
magnanimement,
magnifiquement,
magnétiquement,
maigrement,
main dans la main,
maintefois,
maintenant,
maintes fois,
mais...,['canonical']
majestueusement,
majoritairement,
mal,
mal an,['canonical']
mal à propos,
maladivement,
maladroitement,
malaisément,
malavisément,
malencontreusement,
malgracieusement,
malgré tout,
malhabilement,
malherbologiquement,
malheureusement,
malhonnêtement,
malicieusement,
malignement,
malproprement,
malveillamment,
manifestement,
manière,
manuellement,
manufacturièrement,
manuscritement,
maquerellement,
marginalement,
maritalement,
marre,
martialement,
marxologiquement,
masculinement,
massivement,
maternellement,
mathématiquement,
matinalement,
matoisement,
matrilatéralement,
matrimonialement,
matronalement,
maturément,
matutinalement,
matériellement,
maussadement,
mauvaisement,
maxi,
maïeutiquement,
mensongèrement,
mensuellement,
mentalement,
menteusement,
mercantilement,
mercenairement,
merveilleusement,
mesquinement,
mesurément,
meurtrièrement,
micrométriquement,
microscopiquement,
mie,
mielleusement,
mieux,['comparative']
mignardement,
mignonnement,
militairement,
millionnairement,
millénairement,
miltoniquement,
mimétiquement,
minablement,
mincement,
mine de rien,
mini,
ministériellement,
minoritairement,
minutieusement,
minéralogiquement,
miraculeusement,
mirifiquement,
mirobolamment,
misogynement,
misérablement,
miséricordieusement,
miteusement,
mièvrement,
mnémoniquement,
mochement,
modernement,
modestement,
modifiablement,
modiquement,
modérément,
moelleusement,
moindrement,
moins,['comparative']
moitement,
mollement,
mollo,
moléculairement,
momentanément,
monacalement,
monarchiquement,
monastiquement,
mondainement,
mondialement,
monomaniaquement,
monotonement,
monstrueusement,
montre en main,
monétairement,
moqueusement,
moralement,
morbidement,
mordamment,
mordicus,
morganatiquement,
mornement,
morosement,
morphologiquement,
mortellement,
mot pour mot,
mot à mot,
motiviquement,
moult,
moutonnièrement,
moyennement,
moyenâgeusement,
mtn,
muablement,
muettement,
multilatéralement,
multiplement,
municipalement,
murement,
musicalement,
mutatis mutandis,
mutuellement,
myrmécologiquement,
mystiquement,
mystérieusement,
mythiquement,
mythologiquement,
mâlement,
mécaniquement,
méchamment,
méchantement,
médialement,
médiamétriquement,
médiatement,
médiatiquement,
médicalement,
médicinalement,
médiocrement,
méditativement,
méga,
mélancoliquement,
mélismatiquement,
mélodieusement,
mélodiquement,
mémorablement,
méprisablement,
méprisamment,
méritoirement,
méshui,
métalinguistiquement,
métalliquement,
métallurgiquement,
métaphoriquement,
métaphysiquement,
méthodiquement,
méthodologiquement,
méticuleusement,
métriquement,
métronomiquement,
métropolitainement,
météoriquement,
météorologiquement,
même,
même pas,
même si sa vie en dépendait,
mêmement,
mûrement,
n'empêche,
n'importe,
n'importe comment,
n'importe où,
n'importe quand,
naguère,
naguères,
nan,
nanométriquement,
narcissiquement,
narquoisement,
nasalement,
nasillardement,
natalement,
nationalement,
nativement,
naturellement,
naïvement,
neantmoins,
nerveusement,
nettement,
neurologiquement,
neutralement,
neutrement,
neuvièmement,
ni connu,['canonical']
ni plus ni moins,
ni vu,['canonical']
ni vu ni connu,
"ni vu, ni connu",
niaisement,
nickellement,
nigaudement,
noblement,
nocivement,
nocturnement,
noir sur blanc,
nombreusement,
nominalement,
nominativement,
nommément,
non,
non plus,
nonantièmement,
nonchalamment,
nonobstant,
normalement,
nostalgiquement,
notablement,
notamment,
notoirement,
nouvellement,
nuageusement,
nuancément,
nuement,
nuisiblement,
nuit et jour,
nuitamment,
nulle part,
nullement,
numériquement,
nuncupativement,
nutritionnellement,
néanmoins,
nébuleusement,
nécessairement,
négativement,
négligemment,
néologiquement,
népotiquement,
nétiquettement,
névrotiquement,
nûment,
objectivement,
obligatoirement,
obligeamment,
obliquement,
obrepticement,
obscurément,
obscènement,
observationnellement,
obsessionnellement,
obstinément,
obséquieusement,
obtusement,
obéissamment,
occasionnellement,
occultement,
oculairement,
océanographiquement,
odieusement,
offensivement,
officiellement,
officieusement,
oiseusement,
oisivement,
oligarchiquement,
ombrageusement,
ombreusement,
on ne peut plus,
onc,
oncques,
onctueusement,
onduleusement,
onomastiquement,
onques,
ontologiquement,
onzièmement,
onéreusement,
opaquement,
opiniâtrement,
opothérapiquement,
opportunément,
oppressivement,
optativement,
optimalement,
optionnellement,
optiquement,
opulemment,
opérationnellement,
opératiquement,
opératoirement,
or,
orageusement,
oralement,
oratoirement,
orbiculairement,
ordinairement,
ordonnément,
ores,
organiquement,
organisationnellement,
organoleptiquement,
orgueilleusement,
orientalement,
origamiquement,
originairement,
originalement,
originellement,
ornementalement,
orographiquement,
orthodoxement,
orthogonalement,
orthographiquement,
orthorhombiquement,
osseusement,
ostensiblement,
ostentatoirement,
ouah,
ouaille,
oublieusement,
oui,
ouiménon,
ousque,
outrageusement,
outrancièrement,
outre mesure,
outre-Atlantique,
outre-Manche,
outre-Quiévrain,
outre-Rhin,
outre-mer,
outrecuidamment,
outrément,
ouvertement,
où,
oùsque,
p't'êt',
p't'êt'[[]],['canonical']
p'tet,
p'us,
p. ex.,
pacifiquement,
paillardement,
pairement,
paisablement,
paisiblement,
palethnologiquement,
pallidement,
palpablement,
paléographiquement,
paléontologiquement,
pancréatiquement,
pandémiquement,
pantographiquement,
pantoisement,
pantoute,
papelardement,
par accident,
par acquit de conscience,
par ailleurs,
par après,
par bonheur,
par chance,
par ci,['canonical']
"par ci, par là",
par conséquent,
par contre,
par contumace,
par cœur,
par défaut,
par définition,
par endroits,
par erreur,
par ex.,
par exemple,
par hasard,
par ici,
par la force des choses,
par la même occasion,
par la suite,
par le menu,
par le menu détail,
par le passé,
par les temps qui courent,
par là,['canonical']
par malheur,
par miracle,
par monts et par vaux,
par mégarde,
par parenthèse,
par principe,
par retour de courrier,
par retour du courrier,
par surcroît,
par terre,
par tous les temps,
par trop,
par tête de pipe,
par voie de conséquence,
par à-coups,
par-ci,['canonical']
"par-ci, par-là",
par-dessous la jambe,
par-dessus bord,
par-dessus la jambe,
par-dessus le marché,
par-là,['canonical']
paraboliquement,
paradoxalement,
parallactiquement,
parallèlement,
parasitairement,
parasitiquement,
parcimonieusement,
pareillement,
parentéralement,
paresseusement,
parfaitement,
parfois,
parlementairement,
parler comme un aveugle des couleurs,
parodiquement,
parthénogénétiquement,
partialement,
participativement,
participialement,
particulièrement,
partiellement,
partout,
pas,
pas du tout,
pas encore,
pas le moins du monde,
pas mal,
pas pour deux sous,
pas pour un sou,
pas trop tôt,
pas trop tôt !,['canonical']
pas à pas,
passablement,
passagèrement,
passionnellement,
passionnément,
passivement,
pastoralement,
patemment,
paternellement,
pathologiquement,
pathétiquement,
patiemment,
patoisement,
patriarcalement,
patrilatéralement,
patrimonialement,
patriotiquement,
pauvrement,
peinardement,
peine,
penaudement,
pensivement,
pentavalentement,
perceptiblement,
perdurablement,
perfidement,
performativement,
permanemment,
permanentement,
pernicieusement,
perpendiculairement,
perpétuellement,
perso,
personnellement,
persuasivement,
persévéramment,
pertinemment,
perversement,
pesamment,
petit à petit,
petitement,
peu,
peu ou prou,
peu à peu,
peureusement,
peut être,
peut-être,
phalliquement,
phantasmatiquement,
pharisaïquement,
pharmacologiquement,
phatiquement,
philologiquement,
philosophiquement,
phlegmatiquement,
phoniquement,
phonologiquement,
phonétiquement,
photochimiquement,
photochromatiquement,
photographiquement,
photométriquement,
photosynthétiquement,
phrénologiquement,
phylogénétiquement,
physiologiquement,
physiquement,
phénologiquement,
phénoménalement,
phénoménologiquement,
phéromonalement,
pianissimo,
pianistiquement,
picturalement,
pied au plancher,
pieusement,
pile,
pile-poil,
piquamment,
pis,
piteusement,
pithécanthropiquement,
pitoyablement,
pittoresquement,
pitête,
piètrement,
pk,
pkoi,
placidement,
plaintivement,
plaisamment,
plantureusement,
planétairement,
plastiquement,
platement,
platoniquement,
plausiblement,
plein pot,
pleinement,
plessimétriquement,
pleutrement,
pluridisciplinairement,
pluriellement,
pluriquotidiennement,
plus,
plus ou moins,
plus que de raison,
plus que jamais,
plutôt,
plébéiennement,
plénièrement,
pléthoriquement,
poignamment,
point,
pointilleusement,
poliment,
politiquement,
poltronnement,
polyglottement,
polynomialement,
polyphoniquement,
polysémiquement,
pompeusement,
ponctuellement,
pontificalement,
populacièrement,
populairement,
pornographiquement,
positivement,
possessoirement,
possible,
possiblement,
postalement,
posthumement,
posthumément,
postérieurement,
posément,
potentiellement,
pour ainsi dire,
pour autant,
pour autant que je sache,
pour ce faire,
pour commencer,
pour de bon,
pour de vrai,
pour des prunes,
pour faire court,
pour info,
pour l'anecdote,
pour l'heure,
pour l'instant,
pour la forme,
pour la petite histoire,
pour la plupart,
pour le coup,
pour le moins,
pour le moment,
pour le reste,
pour ma part,
pour mémoire,
pour rappel,
pour rien,
pour ta gouverne,
pour tout dire,
pour tout potage,
pour tout un régiment,
pour un oui ou pour un non,
pour un rien,
pour un régiment,
pour une fois,
pour votre gouverne,
pour être franc,
pour être honnête,
pourquoi,
pourquoy,
pourtant,
poussivement,
poétiquement,
pragmatiquement,
pratiquement,
premier,
premièrement,
presqu',
presque,
pressément,
prestement,
prestigieusement,
presto,
preusement,
primitivement,
primo,
primordialement,
principalement,
princièrement,
printanièrement,
prioritairement,
privativement,
privément,
proactivement,
probablement,
problématiquement,
processionnellement,
prochainement,
procéduralement,
prodigalement,
prodigieusement,
prodiguement,
productivement,
profanement,
professionnellement,
profitablement,
profondément,
profusément,
progressivement,
prohibitivement,
prolixement,
prolétairement,
promptement,
pronominalement,
prophétiquement,
propicement,
proportionnablement,
proportionnellement,
proportionnément,
proprement,
propriétairement,
propédeutiquement,
prosaïquement,
prosodiquement,
prospèrement,
protocolairement,
prototypiquement,
prou,
prouvablement,
proverbialement,
providentiellement,
provincialement,
provisionnellement,
provisoirement,
prudemment,
præsentement,
près,
préalablement,
précairement,
précautionneusement,
précieusement,
précipitamment,
précisement,
précisément,
précocement,
précédemment,
préférablement,
préférentiellement,
préjudiciellement,
préliminairement,
prématurément,
prépondéramment,
prépositivement,
présentement,
présidialement,
présocratiquement,
présomptivement,
présomptueusement,
présumablement,
présumément,
prétendument,
prétentieusement,
préventivement,
prévôtalement,
psychiquement,
psychologiquement,
psychédéliquement,
pu,
publicitairement,
publiquement,
pudiquement,
puis,
puissamment,
punissablement,
purement,
purement et simplement,
pusillanimement,
putativement,
puérilement,
pyramidalement,
pâlement,
pâteusement,
péculativement,
pécuniairement,
pédagogiquement,
pédantesquement,
pédestrement,
pédologiquement,
péjorativement,
pénalement,
pénardement,
péniblement,
pénétramment,
pénétrativement,
péremptoirement,
périlleusement,
périodiquement,
péripatétiquement,
périphériquement,
pétrographiquement,
pétulamment,
pêle-mêle,
qqfois,
quadrangulairement,
quadratiquement,
quadridimensionnellement,
quadruplement,
qualitativement,
quand,
quand les poules auront des dents,
quand même,
quant,
quantitativement,
quasi,
quasiment,
quatorzièmement,
quatrièmement,
que de,
que je sache,
quelle que soit,
quellement,
quelles que soient,
quelque part,
quelque peu,
quelquefois,
quels que soient,
qui plus est,
quinter,
quintessentiellement,
quinto,
quinvicies,
quinzièmement,
quinzomadairement,
quitte à,
quiètement,
quoi,
quoi faire,
quoi qu'il en ait été,
quoi qu'il en coûte,
quoi qu'il en eût été,
quoi qu'il en fût,
quoi qu'il en soit,
quotidiennement,
quèsement,
racialement,
radialement,
radicalement,
radieusement,
radioactivement,
radiochronologiquement,
radiographiquement,
radiologiquement,
radiophoniquement,
rageusement,
raidement,
railleusement,
raisonnablement,
rapide,
rapidement,
rapido,
rarement,
rarissimement,
rasibus,
rationnellement,
ravissamment,
recommandablement,
reconnaissablement,
rectangulairement,
rectilignement,
redondamment,
redoutablement,
regrettablement,
relativement,
religieusement,
remarquablement,
rentablement,
reproductivement,
représentativement,
resp.,
respectablement,
respectivement,
respectueusement,
resplendissamment,
responsablement,
retenuement,
rhumatismalement,
rhétoriquement,
ric-rac,
richement,
ridiculement,
rien de tel que,
rien que,
rieusement,
rigidement,
rigoureusement,
rinforzando,
risiblement,
ritardando,
rituellement,
roborativement,
robotiquement,
robustement,
rocailleusement,
rogatoirement,
roguement,
roidement,
romainement,
romanesquement,
romantiquement,
rondement,
rostralement,
roturièrement,
rougement,
routinièrement,
royalement,
rubis sur l'ongle,
rudement,
rudimentairement,
rugueusement,
ruineusement,
rustaudement,
rustiquement,
rythmiquement,
réactionnairement,
réactivement,
réalistement,
réalistiquement,
récalcitramment,
récemment,
réciproquement,
récréativement,
récurremment,
récursivement,
réellement,
réflexion faite,
réflexivement,
régionalement,
réglementairement,
régressivement,
régulièrement,
réitérativement,
réitérément,
répréhensiblement,
répétitivement,
réservément,
résineusement,
résolument,
résolutivement,
résolûment,
rétributivement,
rétroactivement,
rétronasalement,
rétrospectivement,
réversiblement,
révocablement,
révolutionnairement,
révéremment,
révérencieusement,
rêveusement,
s'entend,
sabre au clair,
sacerdotalement,
sacramentalement,
sacramentellement,
sacrilègement,
sacrilégement,
sacrément,
sadiquement,
sagacement,
sagement,
sainement,
saintement,
saisonnièrement,
salement,
salopement,
salubrement,
salutairement,
samsariquement,
sans arrêt,
sans artifice,
sans aucun doute,
sans autre forme de procès,
sans bourse délier,
sans cesse,
sans compter,
sans conteste,
sans coup férir,
sans crier gare,
sans doute,
sans encombre,
sans exception,
sans faute,
sans histoire,
sans l'ombre d'un doute,
sans mot dire,
sans ménagement,
sans nul doute,
sans piper mot,
sans plus ample informé,
sans relâche,
sans réserve,
sarcastiquement,
sardoniquement,
sataniquement,
satiriquement,
satyriquement,
sauf erreur,
sauf votre respect,
sauvagement,
savamment,
savoureusement,
scandaleusement,
sceptiquement,
schuss,
schématiquement,
sciemment,
scientifiquement,
scolairement,
scolastiquement,
scrupuleusement,
sculpturalement,
scélératement,
scéniquement,
scénographiquement,
secondairement,
secondement,
secrètement,
sectoriellement,
secundo,
seizièmement,
selon toute vraisemblance,
semblablement,
semestriellement,
sempiternellement,
sens devant derrière,
sensationnellement,
sensiblement,
sensuellement,
sensément,
sentencieusement,
sententieusement,
sentimentalement,
sept jours sur sept,
septièmement,
sereinement,
serpentinement,
serrément,
serviablement,
servilement,
seul à seul,
seulement,
sexistement,
sexto,
sexuellement,
sexyment,
si,
si besoin est,
si je ne m'abuse,
si je puis dire,
si le cœur t'en dit,
si le cœur vous en dit,
si ma mémoire est bonne,
si nécessaire,
si possible,
sibyllinement,
sic,
sidéralement,
significativement,
silencieusement,
similairement,
simplement,
simplissimement,
simultanément,
sincèrement,
sine qua non,
singulièrement,
singuliérement,
sinistrement,
sinueusement,
sirupeusement,
sitôt,
sixièmement,
sobrement,
sociablement,
socialement,
sociologiquement,
socioéconomiquement,
sociétairement,
socratiquement,
soi-disant,
soigneusement,
soit dit en passant,
soldatesquement,
solennellement,
solidairement,
solidement,
solitairement,
somatiquement,
sombrement,
sommairement,
somme toute,
somnambuliquement,
somptueusement,
songeusement,
sonorement,
sophistiquement,
sordidement,
sororalement,
sortablement,
sottement,
soucieusement,
soudain,
soudainement,
souhaitablement,
souplement,
soupçonneusement,
sourcilleusement,
sourdement,
souriamment,
sournoisement,
sous la main,
sous le vent,
sous peu,
sous toutes les coutures,
sous toutes ses coutures,
soutenablement,
souterrainement,
souvent,
souventefois,
souverainement,
soviétiquement,
soyeusement,
spacieusement,
spasmodiquement,
spatialement,
spectaculairement,
spectralement,
spectroscopiquement,
sphériquement,
spirituellement,
splendidement,
spontanément,
sporadiquement,
sportivement,
spécialement,
spécieusement,
spécifiquement,
spéculativement,
stablement,
statiquement,
statistiquement,
statutairement,
stochastiquement,
stomacalement,
stoïquement,
stratigraphiquement,
stratégiquement,
strictement,
stricto sensu,
structuralement,
structurellement,
studieusement,
stupidement,
stylistiquement,
stéganographiquement,
sténographiquement,
stérilement,
stériquement,
stéréographiquement,
stéréotypiquement,
suavement,
subalternement,
subconsciemment,
subitement,
subjectivement,
sublimement,
subliminalement,
subordinément,
subordonnément,
subrepticement,
subsidiairement,
substantiellement,
substantivement,
subséquemment,
subtilement,
subversivement,
successivement,
succinctement,
succiniquement,
succintement,
succulemment,
suffisamment,
suicidairement,
sultanesquement,
super,
superbement,
superficiellement,
superlativement,
superstitieusement,
supplémentairement,
supportablement,
supposément,
suprêmement,
supérieurement,
sur ce,
sur ces entrefaites,
sur commande,
sur l'heure,
sur l'ongle,
sur la pointe des pieds,
sur la sellette,
sur la touche,
sur le carreau,
sur le champ,
sur le coup,
sur le fil,
sur le papier,
sur le terrain,
sur les bords,
sur les chapeaux de roue,
sur les chapeaux de roues,
sur l’ongle,['canonical']
sur mesure,
sur place,
sur toute la ligne,
sur toutes les coutures,
sur un coin de table,
sur un coup de tête,
sur-le-champ,
surabondamment,
surement,
surhumainement,
surnaturellement,
surprenamment,
surt.,
surtout,
surérogatoirement,
sus,
suspectement,
suspicieusement,
suzerainement,
syllabiquement,
symbiotiquement,
symboliquement,
sympathiquement,
symptomatiquement,
symétriquement,
synallagmatiquement,
synchroniquement,
syncrétiquement,
syndicalement,
synergiquement,
synergétiquement,
synodalement,
synodiquement,
synonymement,
synonymiquement,
synoptiquement,
syntactiquement,
syntaxiquement,
synthétiquement,
systématiquement,
systémiquement,
sèchement,
séamment,
séance tenante,
séculairement,
séculièrement,
séditieusement,
ségrégativement,
sélectivement,
sémantiquement,
sénilement,
séparément,
séquentiellement,
sérendipiteusement,
sérieusement,
sérothérapiquement,
sérénissimement,
sévèrement,
sûrement,
tachygraphiquement,
tacitement,
taciturnement,
tactilement,
tactiquement,
talentueusement,
tambour battant,
tangentiellement,
tangiblement,
tant,
tant bien que mal,
tant pis,
tant qu'on y est,
tant qu'à faire,
tant qu'à y être,
tant que tu y es,
tant s'en faut,
tant soit peu,
tantinet,
tantôt,
tapageusement,
taquinement,
tard,
tardivement,
tautologiquement,
taxativement,
taxidermiquement,
taxinomiquement,
taxonomiquement,
techniquement,
technocratiquement,
technologiquement,
tectoniquement,
tellement,
temporairement,
temporellement,
tempérément,
tempétueusement,
tempêtueusement,
tenacement,
tendanciellement,
tendancieusement,
tendrement,
tennistiquement,
ter,
terre à terre,
terre-à-terre,
terrestrement,
terriblement,
territorialement,
testimonialement,
texto,
textuellement,
thermiquement,
thermodynamiquement,
thoraciquement,
thématiquement,
théocentriquement,
théocratiquement,
théologalement,
théologiquement,
théoriquement,
thérapeutiquement,
théâtralement,
timidement,
titulairement,
tièdement,
tjs,
tolérablement,
tonalement,
toniquement,
tonitrument,
top,
topiquement,
topographiquement,
topologiquement,
toril,
torrentiellement,
torridement,
tortionnairement,
tortueusement,
totalement,
touchours,
toudis,
toujours,
tour à tour,
tous frais payés,
tous les 36 du mois,
tous les jours que Dieu fait,
tous les quatre matins,
tous les trente-six du mois,
tousjours,
tout,
tout au moins,
tout au plus,
tout bien considéré,
tout bien pesé,
tout bien réfléchi,
tout compte fait,
tout court,
tout d'abord,
tout d'un coup,
tout de go,
tout de même,
tout de suite,
tout droit,
tout haut,
tout le temps,
tout plein,
tout seul,
tout à coup,
tout à fait,
tout à l'heure,
toute affaire cessante,
toute la sainte journée,
toute proportion gardée,
toutefois,
toutes affaires cessantes,
toutes choses égales par ailleurs,
toutes distances gardées,
toutes proportions gardées,
toutes voiles dehors,
toxicologiquement,
toûjours,
tractativement,
traditionnellement,
tragiquement,
trait pour trait,
traitrement,
traitreusement,
tranchément,
tranquillement,
transactionnellement,
transcendantalement,
transitivement,
transitoirement,
transversalement,
traumatiquement,
traîtrement,
traîtreusement,
treize à la douzaine,
treizièmement,
trentièmement,
triangulairement,
triennalement,
trigonométriquement,
trimestriellement,
triomphalement,
triplement,
trisannuellement,
tristement,
tristounettement,
trivialement,
troisièmement,
trompeusement,
trop,
tropologiquement,
très,
très bien,
tumultuairement,
tumultueusement,
turbulemment,
turellement,
turpidement,
typiquement,
typographiquement,
tyranniquement,
télégraphiquement,
téléologiquement,
télépathiquement,
téléphoniquement,
télévisuellement,
témérairement,
ténuement,
ténébreusement,
ténûment,
tête baissée,
tête-bêche,
têtebêche,
tôt,
tôt ou tard,
ultimement,
ultérieurement,
un coup,
un de ces jours,
un de ces quatre,
un de ces quatre matins,
un jour,
un par un,
un peu,
un poil,
un rien,
un à un,
unanimement,
undecies,
une bonne fois pour toutes,
une fois,
une fois pour toutes,
une fois toutes les lunes,
uniformément,
unilatéralement,
uniment,
unipersonnellement,
uniquement,
unitairement,
universellement,
unièmement,
urbainement,
urgemment,
urologiquement,
usuellement,
usurairement,
utilement,
utopiquement,
vaccinalement,
vachement,
vachtement,
vacillamment,
vaginalement,
vaguement,
vaillamment,
vaille que vaille,
vainement,
valablement,
valeureusement,
validement,
vaniteusement,
vantardement,
vaporeusement,
variablement,
vaseusement,
vastement,
vectoriellement,
venimeusement,
ventre à terre,
verbalement,
verbatim,
verbeusement,
vertement,
verticalement,
vertigineusement,
vertueusement,
vespéralement,
vestimentairement,
vexillologiquement,
viagèrement,
vicieusement,
victorieusement,
vidéoludiquement,
vieillement,
vigilamment,
vigoureusement,
vilainement,
vilement,
vinciblement,
vindicativement,
vingt-quatre heures sur vingt-quatre,
vingtièmement,
violemment,
viralement,
virginalement,
virilement,
virologiquement,
virtuellement,
virulemment,
vis-à-vis,
viscéralement,
visiblement,
visuellement,
vitalement,
vite,
vite fait,
vitement,
vitreusement,
vivacement,
vivement,
viviparement,
vocalement,
vocaliquement,
vogue la galère,
voici que,
voir,
voire,
voirement,
volcaniquement,
volontairement,
volontiers,
voltaïquement,
volubilement,
volumétriquement,
voluptueusement,
voracement,
voui,
vrai,
vraiement,
vraiment,
vraisemblablement,
vrmnt,
vulgairement,
végétativement,
véhémentement,
vélocement,
vénalement,
véniellement,
vénérablement,
véridiquement,
véritablement,
vîte,
wagnériennement,
wagnériquement,
watmille,
whatmille,
wisigothiquement,
xénophobiquement,
xérographiquement,
yinque,
yogiquement,
zodiacalement,
zoogéographiquement,
zoologiquement,
zoomorphiquement,
zootechniquement,
zygomatiquement,
zénithalement,
à armes égales,
à bas,
à bas bruit,
à belles dents,
à bloc,
à bon droit,
à bon escient,
à bouche que veux-tu,
à bout de bras,
à bout portant,
à bras ouverts,
à bras raccourcis,
à bras-le-corps,
à bride abattue,
à brûle-pourpoint,
à bâtons rompus,
à c't'heure,
à califourchon,
à ce jour,
à ce propos,
à ce qu'on dit,
à ce que je sache,
à ce que je vois,
à ce que l'on dit,
à ce stade,
à ce sujet,
à ce titre,
à cet effet,
à cet égard,
à cette heure,
à cheval,
à chier,
à cloche-pied,
à contre-courant,
à contre-cœur,
à contre-jour,
à contre-mont,
à contrecœur,
à contresens,
à cor et à cri,
à corps perdu,
à coup sûr,
à crever,
à croquer,
à cru,
à cœur joie,
à damner un saint,
à demi,
à demi-mot,
à dessein,
à deux doigts,
à deux pas,
à dire la vérité,
à dire vrai,
à donf,
à double tour,
à faire peur,
à flot,
à fond,
à fond de balle,
à fond de train,
à fond la caisse,
à fond les manettes,
à force,
à fortiori,
à franc étrier,
à genouillons,
à giorno,
à gogo,
à grand-peine,
à grande échelle,
à grands pas,
à gros flocons,
à haute voix,
à hue et à dia,
à jamais,
à jeun,
à juste titre,
à l'abri,
à l'accoutumée,
à l'air libre,
à l'aise,
à l'ancienne,
à l'anglaise,
à l'arrache,
à l'article de la mort,
à l'avance,
à l'avenant,
à l'avenir,
à l'aveuglette,
à l'endroit,
à l'entour,
à l'envers,
à l'envi,
à l'excès,
à l'extérieur,
à l'heure,
à l'heure actuelle,
à l'heure du laitier,
à l'identique,
à l'improviste,
à l'infini,
à l'instant,
à l'intérieur,
à l'inverse,
à l'occasion,
à l'oreille,
à l'origine,
à l'unanimité,
à l'unisson,
à l'écart,
à l'époque,
à l'étranger,
à l'évidence,
à l'œil,
à l'œil nu,
à la Saint-Glinglin,
à la base,
à la belle étoile,
à la bonne franquette,
à la bonne heure,
à la cantonade,
à la carte,
à la clé,
à la dernière minute,
à la dure,
à la dérobée,
à la fin,
à la fois,
à la force du poignet,
à la grecque,
à la hâte,
à la lettre,
à la limite,
à la longue,
à la légère,
à la main,
à la maison,
à la one again,
à la pelle,
à la perfection,
à la pige,
à la place,
à la portée de,
à la première heure,
à la queue leu leu,
à la rigueur,
à la ronde,
à la réflexion,
à la régulière,
à la sauvette,
à la serpe,
à la sueur de son front,
à la suite,
à la tâche,
à la tête du client,
à la va-vite,
à la virgule près,
à la vitesse de l'éclair,
à la vitesse grand V,
à la volée,
à loisir,
à long terme,
à longueur de journée,
à longueur de temps,
à ma connaissance,
à maintes reprises,
à mauvais escient,
à merveille,
à mesure,
à mi-chemin,
à mi-voix,
à moitié,
à mon avis,
à mon humble avis,
à mort,
à mots couverts,
à mouchoir que veux-tu,
à moyen terme,
à n'en pas douter,
à ne savoir qu'en faire,
à nouveau,
à outrance,
à part,
à part soi,
à partir de dorénavant,
à pas de géant,
à pas de loup,
à pas de tortue,
à pas feutrés,
à peine,
à perdre haleine,
à perte de vue,
à peu de choses près,
à peu près,
à pic,
à pied,
à pieds joints,
à plat ventre,
à plein nez,
à plein régime,
à pleines dents,
à pleins poumons,
à pleurer,
à plus forte raison,
à point nommé,
à postériori,
à première vue,
à prix d'or,
à propos,
à proprement parler,
à proximité,
à présent,
à quatre pattes,
à quel point,
à qui mieux mieux,
à qui veut l'entendre,
à raison,
à ras bord,
à ravir,
à rebours,
à rebrousse-poil,
à reculons,
à regret,
à s'y méprendre,
à sa connaissance,
à savoir,
à se damner,
à sec,
à ses risques et périls,
à son corps défendant,
à souhait,
à temps,
à terme,
à tire-d'aile,
à tire-larigot,
à titre exceptionnel,
à titre indicatif,
à tombeau ouvert,
à ton avis,
à tort,
à tort et à travers,
à tour de bras,
à tour de rôle,
à tous les coins de rue,
à tous les coups,
à tout bout de champ,
à tout casser,
à tout hasard,
à tout instant,
à tout jamais,
à tout le moins,
à tout moment,
à tout prendre,
à tout prix,
à tout propos,
à tout rompre,
à tout va,
à tout vent,
à tout-va,
à toute allure,
à toute vapeur,
à toute vitesse,
à toutes fins utiles,
à toutes jambes,
à toutes les sauces,
à travers champs,
à tue-tête,
à tâtons,
à tête reposée,
à un jet de pierre,
à un moment donné,
à vau-l'eau,
à voix basse,
à voix haute,
à vol d'oiseau,
à votre avis,
à vrai dire,
à vue,
à vue d'œil,
à vue de nez,
àmha,
âcrement,
âprement,
ægalement,
ænigmatiquement,
æsthétiquement,
ça et là,
çà,
çà et là,
éclatamment,
éclectiquement,
écologiquement,
économiquement,
économétriquement,
écuméniquement,
écœuramment,
édaphiquement,
éducativement,
également,
égoïstement,
égoïstiquement,
éhontément,
élastiquement,
électivement,
électoralement,
électriquement,
électroencéphalographiquement,
électrolytiquement,
électromagnétiquement,
électroniquement,
électrophotographiquement,
élogieusement,
éloquemment,
élégamment,
élémentairement,
éminemment,
émotionnellement,
émotivement,
énergiquement,
énergétiquement,
énigmatiquement,
énormément,
épais,
épaissement,
éparsement,
épatamment,
éperdument,
éphémèrement,
épidictiquement,
épidémiquement,
épigrammatiquement,
épigénétiquement,
épiphytiquement,
épiquement,
épiscopalement,
épisodiquement,
épistémologiquement,
éponymement,
épouvantablement,
éprouvamment,
équand,
équatorialement,
équel,
équiprobablement,
équitablement,
équivalemment,
éristiquement,
érotiquement,
ésotériquement,
éternellement,
éthiquement,
étincelamment,
étonnablement,
étonnamment,
étourdiment,
étrangement,
étroitement,
étymologiquement,
évangéliquement,
évasivement,
éventuellement,
évidemment,
éyoù,
œcologiquement,
œconomiquement,
œcuméniquement,
œdipiennement,
œnologiquement,
