form,tags
/s,
100,
2,
MA,
a'ec,
ac,
ak,
après,
au bord de,
au bout de,
au cours de,
au dire de,
au détour de,
au détriment de,
au fil de,
au gré de,
au large de,
au lieu de,
au long de,
au moyen de,
au nez et à la barbe,
au nom de,
au nombre de,
au point de,
au prix de,
au profit de,
au préjudice de,
au ras de,
au regard de,
au risque de,
au sein de,
au sortir de,
au sujet de,
au temps de,
au travers de,
au vu de,
au vu et au su de,
au-delà,
au-dessous,
au-dessus de,
auprès de,
autour,
autrement dit,
aux abords de,
aux alentours de,
aux côtés de,
aux dires de,
aux dépens de,
aux ordres de,
aux yeux de,
av.,
avant,
avant que de,
avec,
avec pas de,
ca,
chez,
ci-contre,
circa,
compte tenu de,
concernant,
conformément à,
contrairement à,
contre,
côté,
d',
d'abord que,
d'après,
d'autre que,
d'avec,
d'entre,
dans,
dans l'idée de,
dans la mesure de,
dans le cadre de,
dans le courant de,
dans le dos de,
de,
de l'autre côté de,
de l'avis de,
de la part de,
de part et d'autre,
dedans,
dehors,
depuis,
derrière,
dessous,
dessus,
devant,
devers,
dixit,
du fait de,
du temps de,
du vivant de,
durant,
dès,
en,
en bas de,
en cas de,
en ce compris,
en ce qui concerne,
en charge de,
en compagnie de,
en cours de,
en dehors de,
en dessous de,
en deçà,
en dépit de,
en face,
en face de,
en fait de,
en faveur de,
en fonction de,
en guise de,
en haut de,
en l'espace de,
en l'honneur de,
en la personne de,
en lieu et place de,
en marge de,
en matière de,
en mémoire de,
en passe de,
en plus de,
en présence de,
en qualité de,
en raison de,
en regard de,
en signe de,
en sus de,
en tant que,
en termes de,
en vertu de,
en voie de,
endéans,
entre,
entre parenthèses,
envers,
eu égard à,
excepté,
face à,
faute de,
fors,
grâce à,
hormis,
hors,
hors de,
il y a,
jusqu'à,
jusque,
jusques,
le long de,
lez,
lors d',
lors de,
lès,
malgré,
mis à part,
moins,
moyennant,
n'en déplaise à,
nonobstant,
outre,
par,
par le biais de,
par opposition à,
par rapport à,
par-delà,
par-dessus,
parce,
parmi,
pas de,
pendant,
peu importe,
plein,
pour,
pour cause de,
pour ce qui est de,
pour l'amour de,
pour le compte de,
pour les beaux yeux de,
près,
près de,
puissance,
quant à,
rapport à,
s/,
s/s,
sans,
sans compter,
sans oublier,
sans parler de,
sauf,
selon,
si ce n'est,
sound,['before-vowel']
sour,
sous,
sous couvert de,
sous les auspices de,
sous les yeux de,
sous peine de,
sous réserve de,
suite à,
sur,
sur base de,
sur la base de,
sur le compte de,
sur le dos de,
sur le point de,
sur ordre de,
tandis,
tel,
touchant,
vers,
via,
vis-à-vis de,
voici,
vs,
vs.,
vu,
y compris,
à,
à base de,
à bout de,
à cause de,
à cheval sur,
à compter de,
à concurrence de,
à condition de,
à coup de,
à coups de,
à court,
à côté,
à côté de,
à des fins de,
à dessein de,
à destination de,
à défaut de,
à en croire,
à en juger par,
à force de,
à hauteur de,
à l'abri de,
à l'adresse de,
à l'aide de,
à l'appui de,
à l'attention de,
à l'aune de,
à l'effet de,
à l'encontre de,
à l'endroit de,
à l'exception de,
à l'exclusion de,
à l'extérieur de,
à l'idée de,
à l'instar de,
à l'insu de,
à l'intention de,
à l'intérieur de,
à l'inverse de,
à l'issue de,
à l'occasion de,
à l'égard de,
à la,
à la décharge de,
à la faveur de,
à la lumière de,
à la merci de,
à la place de,
à la solde de,
à la suite de,
à la vue de,
à le,
à les,
à même,
à part,
à partir de,
à propos de,
à raison de,
à rebours de,
à titre de,
à travers,
èk,
èque,
ès,
étant donné,
être d'avis,
